(174567) 2003 MW12,
174567 Varda,
Abderrahmane Sissako,
Adamo,
Aiuto:Sportello informazioni,
Alberto Paloschi,
Alcamo,
Alcmeone a Corinto,
Alcmeone a Psofide,
Altopiano dei Sette Comuni,
Argiope appensa,
Aristone di Ceo,
Asiago (formaggio),
Bandiera della Carolina del Sud,
Battaglia di Mosca,
Battistero di San Giovanni (Canosa di Puglia),
Bella (La bella e la bestia),
Benigno Bossi (pittore),
Bianchi americani,
Bicicletta,
Brough Superior SS80,
Carta dei diritti fondamentali dell'Unione europea,
Categoria:Bandy in Svezia,
Categoria:Giocatori di bandy svedesi,
Cavallino della Giara,
Cefalea a grappolo,
CERN,
Chemioterapia dei tumori,
Chiesa di Caterina,
Chiesa di Sofia
Chivu Stoica,
Cinira e Mirra,
Circondario del Tajmyr,
Classificazione dei formaggi,
Coca-Cola Life,
Collezione Romana,
Convenzione sull'eliminazione di ogni forma di discriminazione della donna,
Czech Airlines
Dilsen-Stokkem,
Diocesi di Leribe,
Diritti LGBT in Africa,
Diritti LGBT in Gabon,
Diritti LGBT in Guinea,
Diritti LGBT in Mauritius,
Discussione:Glucosammina,
Discussione:Lista dei tipi di batterie,
Discussioni progetto:Medicina,
Discussioni template:Controllo di autorità,
Discussioni utente:Carriearchdale,
Discussioni utente:Cotton,
Discussioni utente:Doc James,
Discussioni utente:Eiron,
Discussioni utente:Er Cicero/Archivio/16Giu2014-19Gen2016,
Discussioni utente:LukeWiller,
Discussioni utente:Rago/Archivio 4,
Discussioni Wikipedia:Bar,
Dodoma,
Don WebbLocomotiva FS 737,
Dorotea di Anhalt-Zerbst,
El Greco,
Elezioni generali in Mozambico del 2014,
Elezioni generali in Uganda del 2011,
Emma di Anhalt-Bernburg-Schaumburg-Hoym,
Emulsione bituminosa,
Entamoeba,
Erma (scultura),
Evander Holyfield vs. Mike Tyson (1997),
Fanservice,
Francesco Bardi,
Francis Joseph Spellman,
Friedrich Christiansen,
Gajto Gazdanov,
Gao Zhisheng,
Genk,
George Caleb Bingham,
Giara (Sardegna),
Giasone di Fere,
Glucosammina,
Governatorato di Damietta,
Governatorato di Suez,
Handré Pollard,
Heliconia (botanica),
I pirati di CapriBanda della Comasina,
Idi Amin Dada,
Imāla,
Ingrid Kristiansen,
Isola Bolscevica,
Isola della Rivoluzione d'Ottobre,
Isola Komsomolec,
Jean de Villiers (rugbista),
Josephus Nicolaus Laurenti,
Katie Holmes
Kernavė,
L'uomo d'acciaio,
La mano dello straniero
Lama dei Peligni,
Libertador (Distretto Capitale),
Licopene,
Lignina,
Limes germanico-retico,
Lista dei patrimoni dell'umanità,
Losser,
Lucia Sturdza-Bulandra,
Luigi Binelli Mantelli,
Manlio Longon,
Marcello Mascherini,
Markham (Canada),
Maxi López,
Mehdi Ben Barka,
Mezzaro,
Michael LipmanOrdine della Stella del Sudafrica
Michelada,
Monete del litas lituano,
Morfina,
Morné Steyn,
Movimento Slow,
Museo naturalistico archeologico Maurizio Locati,
Nazionale di rugby a 15 del Sudafrica,
Newmarket (Ontario),
Ngerengere,
Nostra Signora di Guadalupe,
Nyiragongo,
Olivetti P6066,
Onchocercidae,
Ordine di Ramkeerati,
Oreste Rossi,
Organizzazione militare dei Britanni,
Pacifismo,
Palazzo Ali Qapu,
Panela
Panhard VCRAmban,
Paperboy (rapper),
Pascal Coste
Passaporto italianoGuglielmo Enrico di Nassau-Saarbrücken,
Patrick Lambie,
Paul Vanden Boeynants,
PEGilazione,
Petru Groza,
Phoenix (Arizona),
Pizzaiolo acrobatico,
Progetto:Arte/Voci richieste,
Progetto:Nissapedia/Museo MAR . CO,
Publio Cornelio Scipione Emiliano,
Përparim Hetemaj,
Regno del Burundi,
Riccardo Meggiorini,
Richmond Hill (Canada),
S. H. Foulkes,
Sagittarius (gladiatore),
Sakartvelos tasi,
Sapekhburto K'lubi Dinamo Tbilisi,
Schiniere,
Scudo di Battersea,
Seconda guerra mondiale,
Secondo fronte,
Segretario della difesa degli Stati Uniti d'America,
Severnaja Zemlja,
Shahbazpur Town,
ShijingHoniaraFeni (Bangladesh),
Shinty,
Sinfonia n. 2 (Šostakovič),
Sioux,
SitekiRete tranviaria di EupatoriaHyder Ali,
Sovrane di Brunswick-Lüneburg,
Spielberg (Austria),
Spiritual Front,
Stemma del Burundi,
Sudan del Sud,
Takiji Kobayashi,
Teatro elisabettiano,
Teglia,
Template:Clickable button 2,
Teogonia (Esiodo),
Test of Proficiency in Korean,
The New School,
ThespiesAndy Cole,
Théodore LefèvreArmi e armature romane,
Tim Berners-Lee,
Tour della Nazionale di rugby a 15 dell'Australia 1933,
Tour della Nazionale di rugby a 15 della Scozia 1960,
Transgender Day of Remembrance,
Trevelin,
Trimetrexato,
Ufficio comunitario delle varietà vegetali,
Utente:BDDAdelaide di Lippe-Biesterfeld,
Utente:Brackenheim/common.js,
Utente:CarriearchdaleAlbano Bizzarri,
Utente:Cassinam/gallery,
Utente:Cristiano64/Esercito romano,
Utente:Daniele Pugliesi,
Utente:Doc James
Utente:Drbogdan,
Utente:Elena1396/Pagina Utente,
Utente:Lependu/Babel,
Utente:Lustrascarpe,
Utente:NicolotriDiscussioni utente:AlessioMela,
Utente:Nnaluci,
Utente:Penaz/Portale:Matematica/Risorse utili,
Utente:PigsonthewingAdorazione eucaristica,
Utente:Therreffe,
Vaughan,
Victor Matfield,
View-Master Personal Stereo Camera,
Villa Favorita (Lugano),
Violenza domestica,
Violenza,
Vittorino da Feltre,
Vittorio Emanuele I di Savoia,
Volo Airbus Industrie 129,
Wikipedia:AutoWikiBrowser/Manuale,
Wikipedia:Bar/Discussioni/Limitare la lunghezza dell'oggetto delle modifiche,
Wikipedia:Wikipe-tan,
Wikipedia:WikiProjekt Check Wikipedia/TranslationNorthrop F-5,
Will LymanMohamed Zouaoui
Wisconsin,
YogyakartaEdippo,
Zwijndrecht (Belgio)