1.23.239.172,
1.39.37.212,
101.127.16.89,
101.98.160.162,
103.21.166.24,
103.25.248.111,
103.25.248.117,
103.59.214.28,
104.157.221.95,
105.112.30.222,
105.184.114.223,
105.184.98.82,
105.224.89.131,
105.225.8.196,
105.226.116.164,
105.226.251.183,
105.226.92.107,
105.227.245.115,
105.233.108.112,
105.233.108.89,
105.237.173.61,
106.208.138.243,
106.215.132.237,
106.66.165.195,
106.79.19.250,
107.1.219.55,
107.15.209.46,
107.199.230.65,
108.184.111.234,
108.245.166.196,
109.12.184.138,
109.145.61.59,
109.3.132.210,
112.168.26.3,
115.78.166.130,
117.195.28.199,
117.197.22.253,
117.197.28.76,
117.207.50.60,
117.212.220.218,
117.212.221.33,
117.212.246.139,
117.213.252.253,
118.210.229.146,
119.93.5.183,
120.56.171.105,
120.62.191.66,
121.54.13.36,
122.178.157.169,
122.52.235.63,
122.61.191.174,
122.99.64.47,
122.99.82.19,
123.237.177.103,
123.3.45.210,
123.63.216.177,
124.168.120.138,
124.176.71.87,
124.253.172.134,
125.236.252.97,
128.12.253.5,
128.6.37.44,
130.105.75.103,
130.68.120.158,
134.140.106.42,
134.34.125.68,
134.90.160.45,
135.19.81.104,
137.132.228.35,
139.139.19.68,
14.141.166.186,
14.192.213.130,
1416domination,
142.162.223.19,
142.22.74.130,
142.33.222.2,
144.94.0.4,
147.129.141.12,
150.108.242.56,
151.229.85.56,
154.58.99.91,
154.71.36.95,
156.184.45.130,
159.191.188.254,
163.248.244.17,
163.6.186.148,
163.6.186.160,
163.6.186.206,
164.116.47.226,
166.170.56.107,
168.11.97.76,
168.167.94.6,
170.185.182.17,
172.56.28.117,
172.56.34.237,
173.20.248.205,
173.239.83.7,
173.64.114.121,
174.112.127.114,
176.126.226.114,
177.134.204.99,
177.96.150.163,
178.11.11.185,
180.190.67.115,
180.215.196.69,
181.64.231.175,
182.178.237.106,
182.18.227.119,
182.190.20.42,
182.68.48.148,
184.179.111.250,
184.8.54.66,
185.37.108.73,
188.135.47.1,
188.57.132.146,
189.189.217.90,
189.189.221.247,
189.229.172.41,
190.185.72.167,
190.60.88.102,
192.40.107.228,
193.54.150.114,
194.78.151.66,
195.248.193.98,
196.21.118.117,
196.21.61.200,
196.21.80.2,
197.177.201.45,
197.245.162.194,
197.78.142.74,
197.78.176.179,
197.86.146.130,
197.88.52.11,
197.89.8.93,
198.236.75.1,
198.72.211.69,
199.249.227.146,
2.126.58.177,
2001:558:6040:2:29FC:3786:DE3C:5836,
2001:A61:315E:D401:19BB:486E:4848:7F90,
202.133.59.213,
202.134.0.44,
202.141.243.174,
202.191.212.69,
203.111.224.62,
203.161.150.66,
203.177.97.174,
204.124.152.10,
204.141.110.8,
204.236.74.102,
204.8.12.79,
205.118.122.123,
205.155.20.239,
205.155.21.168,
205.211.168.17,
207.161.199.226,
207.71.31.26,
208.108.139.192,
211.30.17.74,
212.214.82.19,
212.247.27.76,
213.205.251.150,
216.220.82.225,
217.165.96.183,
223.238.213.102,
24.108.102.4,
24.226.236.106,
24.228.106.234,
24.55.212.110,
2600:1006:B127:6B0B:DDF:6999:A965:B6F6,
2600:1016:B01C:406B:B85F:A3D:8C42:B434,
2601:188:0:ABE6:65F5:930C:B0B2:CD63,
2601:1C0:5F00:9959:A857:9332:E6:5854,
2601:204:C580:42:CDEA:F2FB:178:4413,
2601:246:4900:AAC9:4C31:BC2C:3DA2:233D,
2601:345:200:DF47:3091:BD2D:E286:8348,
2601:681:4003:3FA6:4563:8ED5:3B35:DCCF,
2601:C4:8001:CD66:6CB4:7458:DB4:688F,
2601:CD:C300:8CF0:2C0C:CF39:2AC8:38CE,
2602:306:3064:860:2D73:2EB1:469F:FB68,
2602:306:3064:860:B9D5:8D59:4EE9:DC17,
2602:306:3354:2E10:F836:C396:1732:32F7,
2602:306:8352:7150:D091:2C65:1379:C2D9,
2602:306:BC53:96C0:3428:D950:B5F3:A3DC,
2602:306:BDB7:D3D0:4583:E9DC:F1BC:AF38,
2602:306:CD6B:C700:11C8:F0DF:4026:BDBD,
2602:306:CF99:E2A0:2422:453:C7F5:D86,
2602:30A:2C3D:47F0:1CD3:E543:73BF:1E0B,
2605:6000:151A:C0CE:97D6:E5A2:C6D3:8DC4,
27.116.16.21,
27.32.175.2,
2A02:2F0A:508F:FFFF:0:0:BC1A:5AFD,
2A02:908:5A0:5E40:9AE:EAD6:501E:2495,
2TonyTony,
31.200.10.110,
37.219.58.223,
38.122.108.246,
39.56.208.193,
39.56.253.107,
41.13.12.135,
41.13.16.202,
41.13.246.12,
41.13.28.56,
41.146.195.4,
41.164.23.82,
41.177.45.15,
41.208.210.1,
41.215.30.147,
45.114.121.167,
49.206.223.143,
50.153.234.5,
50.205.109.251,
50.206.61.254,
50.232.242.209,
50.79.213.193,
50.92.154.183,
54.163.11.138,
58.176.59.97,
59.178.197.234,
59.92.94.24,
62.199.69.20,
62.61.130.225,
64.180.237.91,
64.203.239.26,
65.254.24.254,
66.146.232.3,
66.177.128.58,
66.189.103.99,
66.203.176.142,
67.169.243.187,
67.255.226.60,
68.107.221.104,
68.195.43.182,
69.143.55.108,
70.162.5.41,
70.177.124.19,
71.10.7.130,
71.174.220.18,
71.204.84.210,
71.226.64.207,
71.3.139.171,
72.168.128.31,
73.148.65.228,
73.170.79.95,
73.214.30.202,
73.47.37.131,
74.193.107.150,
74.47.105.175,
75.140.113.167,
75.185.92.48,
76.186.0.141,
76.98.209.165,
78.101.200.68,
78.135.6.212,
78.155.134.110,
78.26,
79.100.213.151,
79.114.90.58,
79.67.155.126,
80.194.38.179,
80.212.58.220,
80.229.219.101,
81.107.174.60,
81.141.26.248,
81.145.131.202,
81.154.61.250,
82.14.189.108,
82.15.251.70,
82.34.54.213,
82.36.66.164,
82.8.73.118,
83.100.168.119,
84.134.54.174,
85.104.112.31,
85.119.209.197,
85.154.151.42,
85.199.231.18,
86.11.21.135,
86.134.74.58,
86.135.91.9,
86.180.127.112,
86.180.152.112,
86.188.207.10,
86.221.89.113,
86.97.94.252,
87.153.14.106,
88.79.133.86,
88.81.124.1,
90.198.68.33,
93.109.139.183,
93.176.10.239,
94.14.23.203,
94.201.127.157,
96.55.45.233,
98.113.174.210,
98.213.111.97,
98.227.140.153,
98.230.192.179,
99.127.69.124,
99.192.1.255,
99.242.110.47,
A Civilized Man Amongst Savages,
A.amitkumar,
AKS.9955,
Abrahamic Faiths,
Abyssal,
Accurizer,
Afeade6666,
Ahalenia,
Ahunt,
Ajv39,
Akaasik,
Alan U. Kennington,
Albany NY,
AlbertBickford,
Alfhild-anthro,
Ali Zifan,
Altenmann,
Americanfreedom,
Amrogers,
Andre Kritzinger,
Andrewaskew,
Andy Dingley,
Andy M. Wang,
Andy394,
Andynct,
Animalparty,
Anomalocaris,
Anonimmuz,
Anthere,
Anthony22,
Apparition11,
AppliedStatistics,
Arcadian Shepherd,
Archon 2488,
Are you freaking kidding me,
Arrivisto,
ArtvarkAngie,
Aryamanarora,
Asarelah,
AtticusX,
AusLondonder,
Axxter99,
BD2412,
Badmonkey717,
Barbara (WVS),
Bbb23,
Bearcat,
Bee Dubz,
Bender235,
Berglopen,
BethNaught,
Bgwhite,
Bhele007,
BilCat,
Bilorv,
BiologicalMe,
Blackguard SF,
Blainster,
Blelbach,
Bmclaughlin9,
Bmcln1,
Bonadea,
Bonewah,
Br77rino,
Brian heim composer,
Brigade Piron,
Bumm13,
BurritoBazooka,
CAPTAIN RAJU,
CMATSGB,
Callinus,
CambridgeBayWeather,
Cannolis,
Capankajsmilyo,
Carptrash,
Casliber,
Catlemur,
CeeGee,
Chakalacka,
Chris the speller,
ChristopherKingChemist,
Cmbakwe,
Cnwilliams,
Coconutporkpie,
ColRad85,
Cowdy001,
Crh23,
CuriousMind01,
CuriousPenguin,
Cyberwriter,
Cyrej,
DERPALERT,
DMacks,
DVdm,
Dan Koehl,
Danish0314,
Darkknight2149,
Darorcilmir,
Darrend1967,
Darylgolden,
David Eppstein,
DavidCary,
DavidLeighEllis,
Davidcambay,
Dbachmann,
Deflective,
Deli nk,
DeltaRuby,
Demirguler,
Denden777,
Denisarona,
Destroyer of Sophistry and Falsehood,
Dewritech,
Diannaa,
Dimadick,
Diogo sfreitas,
Diptivolsol,
Dirac66,
DiscantX,
Discott,
Doc James,
Dodger67,
Dominic luboya,
Donner60,
Dr Micko,
Drg2813,
Duane-light,
Dudeatishay7,
Dwanyewest,
Dwo,
Dzlinker,
EJ Mk 333,
Eagleash,
EamonnPKeane,
Earflaps,
Editor2020,
Eduardofeld,
Egsan Bacon,
Elitre (WPS),
ElleMegan,
Enthusiast01,
Esszet,
Eurodyne,
EvMsmile,
Everymorning,
Faceless Enemy,
Faolin42,
Favonian,
FierceJake754,
Finnusertop,
Fiona Burness,
FirstBeing,
Flyer22 Reborn,
Flynnt2013,
FoCuSandLeArN,
Forbes72,
Fred Bauder,
Fred wander,
FreeKnowledgeCreator,
Freebullets,
Frietjes,
Gabriel Yuji,
Gaelan,
Gamingforfun365,
Gbawden,
GenQuest,
George8211,
Geralu1,
GermanJoe,
Gilliam,
Glany222,
Gmcbjames,
Goatcheese3,
Gob Lofa,
Godsy,
GoodDay,
Graham11,
Graham87,
GrahamDo,
Grammar Prof,
Greenman,
Gremlinsa,
Grifter84,
GrindtXX,
HCA,
HMSLavender,
Hegsaas,
Heisenberg0893,
Helenfeona,
Hello71,
Helpsome,
Here to sway,
Hippo99,
Hmains,
Horseless Headman,
HowCanIHelpYou123,
Humal,
Humanweb,
Hunter8Dkkllklhhbvtfgvfgutf8fturvffhtfgvfyt,
HunterxEditor,
Huritisho,
Hwy43,
Hzh,
I dream of horses,
Illegitimate Barrister,
Inayity,
Iridescent,
IrishPete,
Isambard Kingdom,
Iztwoz,
Iñaki Salazar,
JJMC89,
JMWt,
Jackdude101,
JacobJakub,
JaconaFrere,
JamesBWatson,
JamesBWatson3,
JamesMLane,
JanBurg,
Jannas960712,
Jarble,
Jbening,
Jcampsall,
Jerome Kohl,
Jessicapierce,
Jim Carter,
Jim1138,
Jnestorius,
Johanvanl,
John of Reading,
JohnBlackburne,
Johnbod,
Johnpacklambert,
Johnscotaus,
Johnuniq,
Josve05a,
Julietdeltalima,
K6ka,
Kasidev,
Kasume1984,
Keith D,
Kelisi,
Khzzang9,
Kinoko kokonotsu,
Kiwifist,
Kku,
Knaveknight,
Knyzna1,
Koleksed,
Kooskleurvol,
KoshVorlon,
Kyle3912,
KylieTastic,
Laoris,
Lappspira,
Leehughesavatar,
Lepervows766,
Lfstevens,
Liance,
LilHelpa,
LilyKitty,
Literaturegeek,
Loraof,
LorenzoRobertoDeLuca,
Lotje,
Lugia2453,
MB298,
Magioladitis,
Magnolia677,
Marcocapelle,
MargoinVietnam,
Mark Marathon,
Markbenecke,
Materialscientist,
MavsFan28,
Mb66w,
MduduziLebelo,
Me,
 Myself,
 and I are Here,
Mean as custard,
MeegsC,
Megalibrarygirl,
Meganesia,
Melcous,
Melonkelon,
Michaelsbll,
Midas02,
Midnightblueowl,
Mike Rosoft,
Mitch Ames,
Mohabar,
Mohaum,
Moira98,
Moist As Usual,
Montanabw,
Moreau1,
Mr Serjeant Buzfuz,
MsSheenaD,
Mschiffler,
MurderByDeadcopy,
MusikVarmint,
Muéro,
Mwtoews,
MyMoloboaccount,
Myasuda,
Mydreamsparrow,
Mz7,
NC4PK,
NUSAIBA BEEVI,
NYBrook098,
Namavleis,
Nathan121212,
Necrothesp,
Nicdb,
Niceguyedc,
Nico9975,
Noggo,
NottNott,
Noyster,
Nxavar,
Nyttend,
Nøkkenbuer,
Oggmus,
Oknazevad,
Omo Obatalá,
Onel5969,
OnemanIan,
Ontoraul,
Orenburg1,
Oshwah,
PaleCloudedWhite,
PaolaPagol,
Parkwells,
Parkywiki,
Paul August,
Paul venter,
Paul2520,
Pdfspath,
Penbat,
Penguin.1001,
Peter Gulutzan,
Peter K. Livingston,
Peter Mercator,
Peter coxhead,
Peterwmattes,
Petrb,
Pgallert,
Pgan002,
Pgh 216,
Philip Trueman,
Phïï,
Pkgx,
Pko,
Plantsurfer,
Pneumaticshop,
Pol098,
Poodledog,
Praemonitus,
PrestonRx,
Prinsgezinde,
Proud User,
Qwertyus,
Qwertyxp2000,
Qxukhgiels,
Qzd,
R'n'B,
RA0808,
RJFJR,
RMS52,
Ranze,
Ravidatti,
Ravishankar Narayana,
Rburtonresearch,
Reculet,
Regulov,
Rich Farmbrough,
Rickenjus,
Risc64,
Rjwilmsi,
Rlendog,
RockMagnetist,
Rod57,
Roisterer,
Romildcp,
Ronz,
Roop256,
Roxy the dog,
Rtucker913,
Rubbish computer,
Samantha Ireland,
Samsara,
Sander.v.Ginkel,
Saritamarie,
Sarr Cat,
Sas- -tabloner,
Sasha1550,
SchreiberBike,
ScientistMr,
Scorchgeek,
Scott Illini,
Scwlong,
Sdotor,
Seppi333,
Serols,
Shan Oneiric,
Shanks sqq,
Shantnup,
Shelleyauto,
Shyamal,
Sifhufhigundo,
SireWonton,
Sivanesh,
Sjones23,
Sjö,
Skr15081997,
Slightsmile,
Smm201`0,
Some Gadget Geek,
Soupvector,
SpacemanSpiff,
Spinningspark,
SpringbokSam,
Srednuas Lenoroc,
Stanleytux,
Stephanwehner,
SterLight,
Steve03Mills,
SteveMcCluskey,
Sunrise,
Supaflyrobby,
Swpb,
SylviaStanley,
TAnthony,
Tachs,
Tassedethe,
Teddyktchan,
The Madras,
The Quixotic Potato,
The Transhumanist,
TheGGoose,
TheMightyPeanut,
Thomas.W,
Ticklewickleukulele,
Tim1965,
Toler1305,
Tom Radulovich,
Tom.Reding,
Tomruen,
Tony Holkham,
Trackteur,
Trappist the monk,
Truebluegrrl,
Truthfulpessimist,
Tucsonhorse,
TwoTwoHello,
UkPaolo,
Uncle Milty,
Velella,
Versageek,
Vgy7ujm,
Vincent3302,
Vladimir Alexiev,
Vreswiki,
Vsmith,
Wavelength,
Wawzzh,
Waynejayes,
Wbm1058,
WhatamIdoing,
Wiae,
Widr,
Wiki13,
WikiEnthusiastNumberTwenty-Two,
William Avery,
Wingedsubmariner,
Wiser87,
Wolbo,
Woodstone,
Wrh2,
Xufanc,
Yamaguchi先生,
Yobol,
Zingi,
Zippyzam,
Zntrip,
Zsh,
Девучка В Якутск,