article,exitlinks
Africa_Day,103
!Kung_people,53
Acid,318
African_music,470
Convenience_food,156
Alcohol_abuse,328
Agriculture_in_South_Africa,136
AIDS_orphan,142
Alcohol_dependence,238
Aloe,172
Animal_husbandry,97
Alcoholism,783
Animal_husbandry_in_South_Africa,20
Animal-powered_transport,109
Atom,891
Bias,126
Base_(chemistry),133
Bill_of_Rights_(South_Africa),194
Biome,221
Aloe_vera,143
Boiling,117
Bicycle,535
Borehole,119
Automobile,1015
Apartheid,1430
Bird_nest,418
Castle_of_Good_Hope,59
Ceramic,144
Bullying,570
Cell_(biology),555
Child_abuse,601
Children%27s_Act_(South_Africa),23
Circuit_diagram,50
Clay,204
Coal_in_South_Africa,142
Control_variable,16
Climate,795
Children%27s_Day,431
Cradle_of_Humankind,76
Decanting,12
Cooking,906
Dependent_and_independent_variables,50
Coal,681
Domestic_violence_in_South_Africa,37
Drakensberg,239
Duration_(music),323
Electrical_network,139
Electrical_conductor,160
Design,413
Electricity_generation,334
Energy_in_South_Africa,77
Farm,199
Economy_of_South_Africa,485
Discrimination,826
Fair_trade,642
Fiber,351
Fire_safety,217
Food_groups,66
Flag_of_South_Africa,162
Ecosystem,751
Food,1309
Food_pyramid_(nutrition),149
Frances_Baard,46
Food_security,492
Free_State_(province),257
Food_vs._fuel,353
Freedom_Day_(South_Africa),20
Gauteng,369
Glass,720
Griqua_people,135
Gangster,333
Gender_stereotypes,478
Hand_washing,346
Health_care_in_South_Africa,272
Gana_and_Gwi_people,7
Health,235
Heritage_Day_(South_Africa),32
Domestic_violence,1013
Home_safety,10
History_of_writing,887
Hottentot_Venus,131
History_of_South_Africa,898
HIV,769
Human_Rights_Day,83
Hydraulics,129
Insulator_(electricity),237
Human_swimming,269
Khoikhoi,71
Human_nutrition,864
Khoikhoi_mythology,186
Later_Stone_Age,327
Latitude,279
Liquid_fuel,104
List_of_South_Africans,989
Map,393
Mapungubwe_Museum,48
HIV/AIDS,1178
Mining_industry_of_South_Africa,181
Mapungubwe_National_Park,97
Mapungubwe,278
Mpumalanga,253
National_anthem_of_South_Africa,106
National_symbols_of_South_Africa,31
Music_of_South_Africa,393
National_Women's_Day,35
Herero_and_Namaqua_Genocide,317
Malaria,940
Noise_pollution,239
Nest,126
Longitude,505
Outer_space,827
Mandela_Day,96
Petrol-paraffin_engine,45
People_Against_Gangsterism_and_Drugs,322
Pneumatics,117
Pitch_(music),289
Mahatma_Gandhi,2227
Reconciliation_Day,27
Oliver_Tambo,174
Pollution,619
Rail_transport,723
Reproduction,282
Nelson_Mandela,1202
Road_map,70
Rail_transport_in_South_Africa,153
Outline_of_domestic_violence,322
Rock_(geology),218
San_healing_practices,4
San_languages,178
San_religion,186
San_people,297
Sand,368
Scale_(map),63
Settling,43
Scientific_method,1045
Sieving,30
Republic_of_South_Africa,1806
Sound,243
Soil,860
South_African_cuisine,684
Sexism,1266
Standard_Model,746
Stereotype,658
Tap_(valve),74
Textile,717
Right_to_food,322
Trade,412
San_rock_art,20
South_African_locomotive_history,1574
Transport_in_South_Africa,326
Two_foot_gauge_railways_in_South_Africa,150
Steve_Biko,471
Vibration,219
Transport,977
Water_filter,69
Water_privatization_in_South_Africa,22
Walter_Sisulu,200
Water_supply_and_sanitation_in_South_Africa,110
Water_well,246
Wildlife_conservation,196
Wildlife_management,264
Western_Cape,405
Winnie_Madikizela-Mandela,314
Wetlands,509
Wood,1020
Youth_culture,35
Wool,652
Paper,753
Wax,329
Politics_of_South_Africa,522
Water_pollution,605